number,27_starttime,27_endtime,27_amount,1222_starttime,1222_endtime,1222_amount,5679_starttime,5679_endtime,5679_amount,9053_starttime,9053_endtime,9053_amount
1,2019/5/1 14:10,2019/5/1 15:23,3.597783333,2019/5/1 1:16,2019/5/1 1:29,0.40375,2019/5/1 19:14,2019/5/1 20:54,10.64735,2019/5/1 18:40,2019/5/2 4:30,14.47833333
2,2019/5/2 12:16,2019/5/2 14:28,6.98225,2019/5/1 17:45,2019/5/1 18:44,4.6161,2019/5/3 11:05,2019/5/3 11:50,4.969333333,2019/5/2 19:20,2019/5/2 20:41,0.324066667
3,2019/5/4 13:40,2019/5/4 16:09,7.8939,2019/5/2 7:22,2019/5/2 7:37,0.8543,2019/5/3 15:35,2019/5/3 16:47,7.4936,2019/5/3 17:15,2019/5/4 6:51,17.17793333
4,2019/5/5 18:33,2019/5/5 21:02,7.947283333,2019/5/3 17:51,2019/5/3 19:46,11.35096667,2019/5/4 20:22,2019/5/4 22:07,11.12898333,2019/5/4 11:14,2019/5/4 11:20,0.065333333
5,2019/5/6 17:43,2019/5/6 19:58,7.173166667,2019/5/4 11:44,2019/5/4 11:48,0.28635,2019/5/6 18:49,2019/5/6 20:06,8.00555,2019/5/4 11:22,2019/5/4 11:29,0.078083333
6,2019/5/8 19:03,2019/5/8 21:21,7.341616667,2019/5/4 15:38,2019/5/4 16:12,3.816683333,2019/5/10 10:47,2019/5/10 11:54,7.508583333,2019/5/4 11:31,2019/5/4 11:36,0.048833333
7,2019/5/9 14:06,2019/5/9 15:22,3.839433333,2019/5/4 22:50,2019/5/5 0:10,6.925816667,2019/5/10 20:10,2019/5/10 21:03,5.21285,2019/5/4 12:00,2019/5/4 12:02,0.012883333
8,2019/5/10 13:40,2019/5/10 15:49,6.872033333,2019/5/5 13:32,2019/5/5 13:38,0.458033333,2019/5/11 15:38,2019/5/11 16:49,7.429216667,2019/5/4 16:36,2019/5/4 16:42,0.105566667
9,2019/5/11 14:48,2019/5/11 16:45,6.052733333,2019/5/5 16:13,2019/5/5 17:34,6.964633333,2019/5/13 21:01,2019/5/13 22:32,8.85065,2019/5/11 6:29,2019/5/12 1:40,19.04008333
10,2019/5/13 16:20,2019/5/13 19:59,11.74705,2019/5/6 7:54,2019/5/6 8:01,0.500433333,2019/5/14 15:44,2019/5/14 16:50,7.294883333,2019/5/13 18:33,2019/5/13 21:19,0.632383333
11,2019/5/14 12:08,2019/5/14 13:14,3.642833333,2019/5/6 16:35,2019/5/6 17:41,5.491183333,2019/5/14 18:48,2019/5/14 19:46,5.75145,2019/5/15 18:18,2019/5/15 18:20,0.003966667
12,2019/5/14 14:57,2019/5/14 18:40,12.0921,2019/5/7 7:50,2019/5/7 8:05,0.788683333,2019/5/16 8:56,2019/5/16 9:47,5.63495,2019/5/15 18:22,2019/5/15 18:27,0.01075
13,2019/5/15 19:07,2019/5/15 21:53,8.890333333,2019/5/7 18:12,2019/5/7 19:22,5.70375,2019/5/17 15:45,2019/5/17 16:52,6.87845,2019/5/16 19:35,2019/5/17 5:57,10.13331667
14,2019/5/16 14:08,2019/5/16 15:21,3.69315,2019/5/8 4:56,2019/5/8 7:44,1.680616667,2019/5/19 9:37,2019/5/19 10:50,7.565316667,2019/5/18 15:47,2019/5/18 15:51,0.072066667
15,2019/5/17 18:13,2019/5/17 20:40,7.9259,2019/5/8 20:01,2019/5/8 21:44,9.790066667,2019/5/19 15:18,2019/5/19 16:18,6.169066667,2019/5/20 19:26,2019/5/21 5:51,10.12941667
16,2019/5/19 16:30,2019/5/19 20:23,12.4343,2019/5/9 7:38,2019/5/9 7:47,0.74215,2019/5/20 15:21,2019/5/20 16:26,6.847366667,2019/5/21 19:09,2019/5/21 19:50,0.104833333
17,2019/5/20 15:39,2019/5/20 16:44,3.3206,2019/5/9 21:34,2019/5/9 22:44,5.748616667,2019/5/21 13:03,2019/5/21 14:45,10.90373333,2019/5/21 20:52,2019/5/21 21:35,0.11305
18,2019/5/21 11:03,2019/5/21 13:35,8.477983333,2019/5/10 7:51,2019/5/10 7:53,0.004183333,2019/5/23 18:52,2019/5/23 20:14,8.563766667,2019/5/21 22:37,2019/5/21 23:16,0.101183333
19,2019/5/21 16:04,2019/5/21 19:27,11.04758333,2019/5/11 11:02,2019/5/11 12:52,10.5115,2019/5/24 15:11,2019/5/24 16:20,7.178966667,2019/5/22 0:19,2019/5/22 0:58,0.100416667
20,2019/5/21 19:29,2019/5/21 19:32,0.062366667,2019/5/11 15:03,2019/5/11 15:06,0.126866667,2019/5/26 12:21,2019/5/26 13:32,7.335333333,2019/5/22 2:02,2019/5/22 2:42,0.099883333
21,2019/5/21 23:15,2019/5/22 1:08,5.964233333,2019/5/11 15:44,2019/5/11 16:39,4.433966667,2019/5/28 16:50,2019/5/28 18:14,8.863866667,2019/5/22 3:48,2019/5/22 4:24,0.085383333
22,2019/5/22 19:34,2019/5/22 21:52,7.379066667,2019/5/12 10:07,2019/5/12 10:09,0.004033333,2019/5/30 18:11,2019/5/30 19:48,10.26478333,2019/5/22 15:51,2019/5/22 16:20,0.075283333
23,2019/5/23 17:54,2019/5/23 20:07,7.134233333,2019/5/12 11:48,2019/5/12 12:43,4.038616667,2019/6/2 14:23,2019/6/2 15:33,7.089733333,2019/5/22 16:22,2019/5/22 16:28,0.0128
24,2019/5/24 22:04,2019/5/25 0:05,6.424366667,2019/5/12 15:36,2019/5/12 15:47,0.32605,2019/6/5 7:38,2019/6/5 9:19,10.87811667,2019/5/22 16:35,2019/5/22 16:56,0.04555
25,2019/5/25 18:01,2019/5/25 20:05,6.611483333,2019/5/12 20:33,2019/5/12 20:49,0.310633333,2019/6/5 13:12,2019/6/5 14:00,4.839633333,2019/5/22 17:18,2019/5/22 18:03,0.120333333
26,2019/5/26 21:04,2019/5/26 23:25,7.603183333,2019/5/13 0:06,2019/5/13 0:22,0.309866667,2019/6/10 14:24,2019/6/10 16:02,10.55983333,2019/5/22 19:03,2019/5/22 19:45,0.1003
27,2019/5/28 12:38,2019/5/28 14:35,6.235983333,2019/5/13 3:39,2019/5/13 3:56,0.328966667,2019/6/11 14:13,2019/6/11 14:59,4.52235,2019/5/22 20:40,2019/5/23 6:44,14.62373333
28,2019/5/29 19:43,2019/5/29 21:56,7.09605,2019/5/13 6:53,2019/5/13 7:45,1.470766667,2019/6/12 18:18,2019/6/12 19:55,10.26511667,2019/5/23 16:26,2019/5/23 16:47,0.142516667
29,2019/5/30 15:51,2019/5/30 16:57,3.380933333,2019/5/13 20:53,2019/5/13 22:12,6.561916667,2019/6/13 17:02,2019/6/13 18:34,9.829766667,2019/5/23 20:17,2019/5/23 21:00,0.086766667
30,2019/5/31 15:32,2019/5/31 18:12,8.691583333,2019/5/14 0:10,2019/5/14 0:24,0.430116667,2019/6/15 16:52,2019/6/15 18:14,8.693816667,2019/5/23 22:03,2019/5/23 22:52,0.09995
31,2019/6/1 22:10,2019/6/2 0:03,5.970316667,2019/5/14 7:28,2019/5/14 7:39,0.930516667,2019/6/19 14:40,2019/6/19 16:09,9.3727,2019/5/23 23:55,2019/5/24 0:43,0.098183333
32,2019/6/2 15:12,2019/6/2 17:13,6.402533333,2019/5/14 17:18,2019/5/14 18:53,8.682383333,2019/6/21 10:13,2019/6/21 11:41,9.212433333,2019/5/24 1:46,2019/5/24 2:35,0.100366667
33,2019/6/3 16:19,2019/6/3 17:45,4.445033333,2019/5/14 22:00,2019/5/14 22:13,0.4231,2019/6/24 15:16,2019/6/24 16:31,7.90135,2019/5/24 3:38,2019/5/24 4:21,0.087316667
34,2019/6/4 19:48,2019/6/4 21:41,5.950683333,2019/5/15 7:34,2019/5/15 7:49,0.9106,2019/6/25 17:28,2019/6/25 19:23,12.55813333,2019/5/24 18:05,2019/5/24 18:27,0.042133333
35,2019/6/5 18:06,2019/6/5 20:38,8.196233333,2019/5/15 17:26,2019/5/15 18:26,4.729633333,2019/6/26 14:56,2019/6/26 16:35,10.73683333,2019/5/24 19:32,2019/5/24 20:15,0.088666667
36,2019/6/6 4:28,2019/6/6 7:10,8.78055,2019/5/16 7:43,2019/5/16 7:57,0.907333333,2019/6/27 4:50,2019/6/27 5:31,4.014033333,2019/5/24 21:18,2019/5/24 21:58,0.084133333
37,2019/6/8 21:38,2019/6/9 0:02,7.722,2019/5/16 18:25,2019/5/16 19:46,6.848733333,2019/6/27 16:47,2019/6/27 18:29,10.84363333,2019/5/24 23:01,2019/5/24 23:40,0.07555
38,2019/6/9 20:25,2019/6/9 22:18,5.977983333,2019/5/17 7:26,2019/5/17 7:33,0.481833333,2019/6/29 13:42,2019/6/29 15:08,9.417,2019/5/25 0:41,2019/5/25 1:22,0.07775
39,2019/6/14 12:54,2019/6/14 15:49,9.496666667,2019/5/18 16:20,2019/5/18 17:16,4.227516667,2019/6/30 4:52,2019/6/30 6:19,9.2179,2019/5/25 2:28,2019/5/25 3:07,0.074883333
40,2019/6/15 13:51,2019/6/15 16:02,7.287933333,2019/5/19 16:31,2019/5/19 17:31,4.9687,2019/6/30 16:23,2019/6/30 17:43,8.51055,2019/5/25 4:11,2019/5/25 4:49,0.072283333
41,2019/6/15 17:28,2019/6/15 20:25,9.663983333,2019/5/20 17:30,2019/5/20 18:36,5.416533333,2019/7/2 10:43,2019/7/2 11:54,7.391316667,2019/5/25 5:53,2019/5/25 6:31,0.06905
42,2019/6/16 16:29,2019/6/16 18:48,7.529183333,2019/5/21 7:49,2019/5/21 8:04,0.961416667,2019/7/3 19:03,2019/7/3 20:15,7.525733333,2019/5/25 7:34,2019/5/25 8:14,0.0716
43,2019/6/18 16:40,2019/6/18 20:11,11.41028333,2019/5/21 17:23,2019/5/21 18:33,5.85565,2019/7/5 15:19,2019/7/5 16:23,6.51305,2019/5/25 9:18,2019/5/25 9:57,0.070216667
44,2019/6/19 19:19,2019/6/19 21:35,7.401633333,2019/5/22 17:05,2019/5/22 18:16,5.909783333,2019/7/6 13:08,2019/7/6 13:59,5.224983333,2019/5/25 10:59,2019/5/25 11:40,0.072416667
45,2019/6/20 18:59,2019/6/20 21:59,9.790266667,2019/5/27 20:26,2019/5/27 21:37,5.986583333,2019/7/6 20:50,2019/7/6 22:01,7.441033333,2019/5/25 12:43,2019/5/25 13:27,0.07895
46,2019/6/21 21:05,2019/6/21 23:08,6.589066667,2019/5/28 17:21,2019/5/28 18:29,5.4822,2019/7/9 12:05,2019/7/9 13:29,8.8767,2019/5/25 14:27,2019/5/25 15:14,0.08515
47,2019/6/22 17:18,2019/6/22 19:23,6.71155,2019/5/29 17:59,2019/5/29 19:13,6.34085,2019/7/10 15:04,2019/7/10 16:50,11.31491667,2019/5/26 1:09,2019/5/26 1:25,0.027633333
48,2019/6/24 13:07,2019/6/24 15:19,7.08145,2019/5/30 18:51,2019/5/30 20:04,6.029,2019/7/12 19:49,2019/7/12 21:07,8.209016667,2019/5/26 1:31,2019/5/26 2:34,0.292683333
49,2019/6/25 12:47,2019/6/25 15:14,7.5819,2019/5/31 19:02,2019/5/31 19:53,4.109316667,2019/7/13 10:23,2019/7/13 11:21,5.906166667,2019/5/26 3:02,2019/5/26 3:49,0.08435
50,2019/6/26 13:06,2019/6/26 15:34,7.454816667,2019/6/1 13:56,2019/6/1 14:54,4.633733333,2019/7/14 19:39,2019/7/14 21:29,11.93243333,2019/5/26 4:49,2019/5/26 5:19,0.05485
51,2019/6/26 19:33,2019/6/26 21:13,5.2509,2019/6/9 17:02,2019/6/9 17:47,3.27805,2019/7/16 12:24,2019/7/16 13:41,8.10545,2019/5/27 21:20,2019/5/28 6:31,13.40586667
52,2019/6/26 21:16,2019/6/26 21:25,0.215966667,2019/6/11 18:06,2019/6/11 19:18,5.95265,2019/7/17 14:38,2019/7/17 16:01,8.732566667,2019/5/28 9:23,2019/5/28 9:25,0.002716667
53,2019/6/27 14:07,2019/6/27 16:17,7.015633333,2019/6/12 17:56,2019/6/12 19:00,5.086066667,2019/7/18 23:02,2019/7/19 0:25,8.685733333,2019/5/28 17:25,2019/5/28 17:26,0.00015
54,2019/6/28 13:37,2019/6/28 14:48,3.9341,2019/6/13 17:47,2019/6/13 18:24,3.726783333,2019/7/19 14:31,2019/7/19 16:25,12.20015,2019/5/28 18:26,2019/5/28 18:42,0.027133333
55,2019/6/28 16:56,2019/6/28 20:21,10.87268333,2019/6/13 19:21,2019/6/13 20:07,3.320916667,2019/7/22 18:40,2019/7/22 20:00,8.45005,2019/5/28 19:52,2019/5/28 20:36,0.076
56,2019/6/30 9:45,2019/6/30 11:56,7.074683333,2019/6/14 17:50,2019/6/14 18:58,5.478166667,2019/7/23 14:34,2019/7/23 15:36,6.41655,2019/5/28 20:37,2019/5/28 20:38,0.00165
57,2019/7/2 13:16,2019/7/2 14:46,4.99785,2019/6/15 14:05,2019/6/15 14:59,3.991583333,2019/7/25 19:16,2019/7/25 20:25,7.138733333,2019/5/28 20:39,2019/5/28 20:40,0.00165
58,2019/7/2 16:42,2019/7/2 19:47,10.12176667,2019/6/15 20:18,2019/6/15 21:15,4.626,2019/7/27 11:13,2019/7/27 12:29,7.93205,2019/5/28 22:06,2019/5/28 22:46,0.070966667
59,2019/7/2 19:50,2019/7/2 20:00,0.27575,2019/6/16 13:06,2019/6/16 13:39,2.039366667,2019/7/27 19:29,2019/7/27 21:15,11.43575,2019/5/28 22:47,2019/5/28 22:48,0.00165
60,2019/7/3 19:03,2019/7/3 19:37,1.82235,2019/6/16 16:17,2019/6/16 17:24,5.301833333,2019/7/30 8:04,2019/7/30 9:35,9.6413,2019/5/28 22:49,2019/5/28 22:50,0.00165
61,2019/7/3 22:02,2019/7/4 1:38,11.83218333,2019/6/18 17:51,2019/6/18 19:18,7.843983333,2019/7/31 12:28,2019/7/31 13:25,6.271783333,2019/5/28 22:51,2019/5/28 22:52,0.00165
62,2019/7/5 14:52,2019/7/5 18:49,12.63421667,2019/6/19 17:33,2019/6/19 18:32,4.893083333,2019/7/31 15:50,2019/7/31 17:08,8.20085,2019/5/28 22:53,2019/5/28 22:54,0.00165
63,2019/7/8 16:23,2019/7/8 18:15,5.58695,2019/6/20 12:28,2019/6/20 12:54,2.807033333,2019/8/1 19:21,2019/8/1 20:21,6.123266667,2019/5/28 22:55,2019/5/28 23:02,0.011716667
64,2019/7/9 9:20,2019/7/9 11:56,8.415633333,2019/6/20 19:00,2019/6/20 20:49,11.0965,2019/8/2 17:30,2019/8/2 18:37,7.04085,2019/5/29 0:15,2019/5/29 1:13,0.101083333
65,2019/7/10 19:22,2019/7/10 21:55,8.312483333,2019/6/22 8:56,2019/6/22 9:49,4.1865,2019/8/3 15:36,2019/8/3 16:56,8.399166667,2019/5/29 14:21,2019/5/29 16:16,0.09985
66,2019/7/11 16:19,2019/7/11 18:36,7.3963,2019/7/9 19:05,2019/7/9 20:47,11.54538333,2019/8/4 18:55,2019/8/4 21:02,13.82931667,2019/5/29 18:00,2019/5/30 5:27,16.83878333
67,2019/7/12 18:34,2019/7/12 20:59,7.836083333,2019/7/9 21:07,2019/7/9 21:59,4.686166667,2019/8/7 14:35,2019/8/7 16:26,11.90248333,2019/5/30 10:31,2019/5/30 10:32,0.00015
68,2019/7/13 17:39,2019/7/13 20:29,8.999966667,2019/7/10 17:16,2019/7/10 18:19,5.196533333,2019/8/9 21:35,2019/8/9 23:18,11.02828333,2019/5/31 17:19,2019/5/31 17:23,0.073016667
69,2019/7/14 15:30,2019/7/14 17:50,7.13885,2019/7/11 16:27,2019/7/11 16:48,2.197566667,2019/8/10 20:42,2019/8/10 22:13,9.697083333,2019/6/1 16:04,2019/6/1 16:06,0.0064
70,2019/7/15 19:09,2019/7/15 21:22,7.2443,2019/7/11 21:02,2019/7/11 22:33,8.752433333,2019/8/16 10:15,2019/8/16 11:47,9.772666667,2019/6/1 16:07,2019/6/1 16:09,0.004866667
71,2019/7/15 21:25,2019/7/15 21:34,0.22605,2019/7/12 22:16,2019/7/13 0:51,16.46945,2019/8/21 14:58,2019/8/21 16:47,11.65643333,2019/6/1 16:10,2019/6/1 16:16,0.069216667
72,2019/7/17 16:57,2019/7/17 18:53,6.237766667,2019/7/14 12:52,2019/7/14 13:00,0.02295,2019/8/22 19:29,2019/8/22 21:01,9.878666667,2019/6/4 16:56,2019/6/4 16:57,6.67E-05
73,2019/7/19 18:51,2019/7/19 22:02,10.07503333,2019/7/14 14:52,2019/7/14 15:47,4.882216667,2019/8/26 18:55,2019/8/26 20:33,10.39561667,2019/6/4 18:00,2019/6/5 2:58,12.98521667
74,2019/7/20 22:05,2019/7/21 0:37,8.262833333,2019/7/14 17:26,2019/7/14 17:49,1.560933333,2019/8/27 17:44,2019/8/27 19:09,9.04855,2019/6/6 16:41,2019/6/6 16:42,0.0013
75,2019/7/21 0:40,2019/7/21 0:52,0.292416667,2019/7/15 17:18,2019/7/15 18:15,5.002416667,2019/8/28 14:50,2019/8/28 16:14,9.005633333,2019/6/6 17:59,2019/6/7 6:32,18.14053333
76,2019/7/21 16:21,2019/7/21 18:42,7.32605,2019/7/16 16:30,2019/7/16 16:35,0.4233,2019/8/29 14:09,2019/8/29 15:12,6.483633333,2019/6/8 18:04,2019/6/8 18:08,0.005866667
77,2019/7/22 16:18,2019/7/22 17:31,3.76415,2019/7/16 18:10,2019/7/16 19:48,9.515333333,2019/9/1 11:40,2019/9/1 12:44,6.708516667,2019/6/13 16:21,2019/6/13 16:22,0.001383333
78,2019/7/23 10:16,2019/7/23 11:33,4.0302,2019/7/17 16:28,2019/7/17 17:41,6.377733333,2019/9/2 16:35,2019/9/2 17:37,6.413966667,2019/6/13 17:59,2019/6/14 5:10,16.2699
79,2019/7/24 19:14,2019/7/24 21:40,7.87535,2019/7/18 17:02,2019/7/18 17:20,1.85245,2019/9/4 14:35,2019/9/4 16:03,9.3306,2019/6/16 14:58,2019/6/16 14:59,0.001616667
80,2019/7/25 13:37,2019/7/25 15:58,7.19865,2019/7/18 20:10,2019/7/18 21:13,5.668533333,2019/9/10 11:55,2019/9/10 13:43,11.6005,2019/6/16 23:19,2019/6/16 23:34,0.025283333
81,2019/7/25 19:41,2019/7/25 22:08,7.966583333,2019/7/19 17:31,2019/7/19 19:01,8.79455,2019/9/11 18:03,2019/9/11 19:30,9.157816667,2019/6/17 2:57,2019/6/17 3:10,0.022033333
82,2019/7/27 16:52,2019/7/27 17:23,1.685233333,2019/7/20 13:45,2019/7/20 14:21,2.517466667,2019/9/13 13:13,2019/9/13 14:32,8.287533333,2019/6/17 17:28,2019/6/17 17:33,0.09405
83,2019/7/28 19:58,2019/7/28 21:05,3.693383333,2019/7/20 22:42,2019/7/20 23:30,3.969983333,2019/9/15 16:01,2019/9/15 17:30,9.4663,2019/6/18 5:37,2019/6/18 7:02,2.0027
84,2019/7/28 21:11,2019/7/28 22:05,2.67605,2019/7/21 16:51,2019/7/21 17:52,5.331316667,2019/9/16 17:48,2019/9/16 19:37,11.69445,2019/6/18 13:44,2019/6/18 14:18,0.173866667
85,2019/7/29 15:54,2019/7/29 16:15,1.085916667,2019/8/28 17:51,2019/8/28 19:27,9.645283333,2019/9/18 8:46,2019/9/18 10:14,9.333716667,2019/6/18 14:48,2019/6/18 15:08,0.110433333
86,2019/7/29 17:15,2019/7/29 20:23,10.24058333,2019/8/29 7:19,2019/8/29 7:31,0.718683333,2019/9/18 18:25,2019/9/18 19:28,6.496733333,2019/6/18 15:50,2019/6/18 15:51,0.00165
87,2019/7/30 16:05,2019/7/30 17:31,4.566266667,2019/8/29 19:21,2019/8/29 21:23,12.92983333,2019/9/19 17:12,2019/9/19 18:26,7.7061,2019/6/18 16:35,2019/6/18 16:40,0.009166667
88,2019/7/30 17:46,2019/7/30 17:55,0.262783333,2019/8/30 8:38,2019/8/30 9:31,4.4886,2019/9/21 12:45,2019/9/21 14:02,8.115633333,2019/6/18 16:50,2019/6/18 16:55,0.075466667
89,2019/7/31 19:23,2019/7/31 21:26,6.612533333,2019/8/30 18:04,2019/8/30 18:11,0.657766667,2019/9/24 14:54,2019/9/24 16:24,9.64035,2019/6/18 16:56,2019/6/18 16:57,0.0007
90,2019/7/31 21:28,2019/7/31 21:37,0.174816667,2019/8/30 18:38,2019/8/30 19:37,5.440516667,2019/9/27 17:20,2019/9/27 18:47,9.121566667,2019/6/18 17:00,2019/6/18 17:05,0.078316667
91,2019/8/1 17:21,2019/8/1 19:52,8.185083333,2019/8/31 16:03,2019/8/31 17:17,7.2021,2019/9/28 20:35,2019/9/28 22:23,11.61408333,2019/6/18 17:06,2019/6/18 17:10,0.05185
92,2019/8/2 15:52,2019/8/2 18:04,7.1563,2019/8/31 21:46,2019/8/31 22:58,6.798616667,2019/9/30 10:00,2019/9/30 11:11,7.8694,2019/6/18 17:12,2019/6/18 17:18,0.06955
93,2019/8/2 18:14,2019/8/2 18:23,0.246733333,2019/9/1 10:56,2019/9/1 11:45,3.96165,2019/9/30 16:03,2019/9/30 17:25,8.736,2019/6/18 17:25,2019/6/18 17:27,0.00745
94,2019/8/4 19:27,2019/8/4 22:54,11.29443333,2019/9/1 19:35,2019/9/1 20:41,5.905866667,2019/10/1 11:50,2019/10/1 12:44,5.935966667,2019/6/18 17:28,2019/6/18 17:34,0.09005
95,2019/8/5 15:39,2019/8/5 17:02,3.983166667,2019/9/2 20:37,2019/9/2 21:31,4.784783333,2019/10/1 12:54,2019/10/1 14:09,7.75515,2019/6/18 17:38,2019/6/19 6:24,18.32765
96,2019/8/7 19:22,2019/8/7 21:38,7.355933333,2019/9/3 17:46,2019/9/3 19:08,7.801983333,2019/10/3 10:09,2019/10/3 11:56,11.4181,2019/6/19 7:09,2019/6/19 7:13,0.006466667
97,2019/8/8 16:18,2019/8/8 16:32,0.689716667,2019/9/4 7:41,2019/9/4 8:27,3.6413,2019/10/5 11:07,2019/10/5 12:01,6.033,2019/6/19 9:03,2019/6/19 9:07,0.005833333
98,2019/8/21 19:33,2019/8/21 22:01,7.692533333,2019/9/4 16:55,2019/9/4 18:11,6.99755,2019/10/5 15:26,2019/10/5 16:47,8.435366667,2019/6/19 21:37,2019/6/19 21:42,0.007283333
99,2019/8/22 17:56,2019/8/22 20:52,9.558616667,2019/9/5 16:34,2019/9/5 17:23,3.79355,2019/10/7 20:21,2019/10/7 22:06,11.25291667,2019/6/21 22:32,2019/6/22 11:07,18.4746
100,2019/8/23 10:41,2019/8/23 12:26,5.535266667,2019/9/6 16:44,2019/9/6 17:49,6.056966667,2019/10/9 12:26,2019/10/9 13:51,9.61255,2019/6/23 11:44,2019/6/23 11:49,0.091516667
101,2019/8/23 19:28,2019/8/23 21:49,7.601416667,2019/9/7 11:03,2019/9/7 11:42,3.898083333,2019/10/11 10:18,2019/10/11 11:41,8.678333333,2019/6/23 14:11,2019/6/23 14:14,0.006483333
102,2019/8/24 20:35,2019/8/24 23:01,7.823783333,2019/9/7 12:27,2019/9/7 13:15,3.721766667,2019/10/12 15:33,2019/10/12 16:49,7.8296,2019/6/23 15:14,2019/6/23 15:18,0.008133333
103,2019/8/25 16:03,2019/8/25 18:47,8.88305,2019/9/8 13:00,2019/9/8 14:03,5.51565,2019/10/14 13:34,2019/10/14 15:38,13.38638333,2019/6/24 18:52,2019/6/25 3:57,2.73865
104,2019/8/26 13:54,2019/8/26 16:15,7.5673,2019/9/8 17:13,2019/9/8 18:11,4.947,2019/10/16 10:16,2019/10/16 10:23,0.6009,2019/6/25 18:13,2019/6/25 18:17,0.052366667
105,2019/8/26 19:51,2019/8/26 23:27,11.79323333,2019/9/9 16:44,2019/9/9 17:36,3.961133333,2019/10/16 10:27,2019/10/16 10:50,2.493883333,2019/6/25 19:10,2019/6/25 23:18,1.036066667
106,2019/8/27 13:34,2019/8/27 16:07,8.227816667,2019/9/10 16:56,2019/9/10 17:50,4.306983333,2019/10/16 14:51,2019/10/16 16:50,13.01748333,2019/6/26 17:45,2019/6/27 5:55,17.57893333
107,2019/8/28 17:02,2019/8/28 19:22,7.480366667,2019/9/11 18:39,2019/9/11 19:38,5.269466667,2019/10/17 19:06,2019/10/17 21:16,14.10161667,2019/6/28 14:29,2019/6/28 15:07,0.173833333
108,2019/8/29 16:13,2019/8/29 18:38,7.82095,2019/9/12 19:30,2019/9/12 20:56,7.984933333,2019/10/18 14:24,2019/10/18 15:56,9.6387,2019/6/29 9:25,2019/6/29 9:46,0.143266667
109,2019/8/30 17:27,2019/8/30 19:35,6.8775,2019/9/13 19:32,2019/9/13 20:55,7.7134,2019/10/19 14:13,2019/10/19 15:53,10.61531667,2019/6/29 19:51,2019/6/30 6:26,15.39326667
110,2019/8/31 9:32,2019/8/31 11:48,7.23115,2019/9/14 21:32,2019/9/14 22:25,4.19625,2019/10/20 11:05,2019/10/20 12:37,9.587833333,2019/6/30 12:10,2019/6/30 13:32,0.182933333
111,2019/8/31 15:20,2019/8/31 16:39,4.051316667,2019/9/15 16:22,2019/9/15 17:23,5.254216667,2019/10/22 13:50,2019/10/22 15:19,9.356033333,2019/6/30 14:36,2019/6/30 15:24,0.160633333
112,2019/8/31 20:48,2019/8/31 23:14,7.838866667,2019/9/16 17:36,2019/9/16 17:47,1.061183333,2019/10/23 9:34,2019/10/23 10:25,4.583583333,2019/6/30 15:29,2019/6/30 15:38,0.094066667
113,2019/9/2 15:15,2019/9/2 17:19,6.594483333,2019/9/16 18:00,2019/9/16 18:41,2.76785,2019/10/23 15:10,2019/10/23 16:47,10.43223333,2019/6/30 15:39,2019/6/30 15:43,0.02575
114,2019/9/3 16:49,2019/9/3 19:00,6.972166667,2019/9/17 16:37,2019/9/17 17:34,4.568466667,2019/10/24 17:19,2019/10/24 18:25,6.7571,2019/6/30 15:45,2019/6/30 15:47,0.008516667
115,2019/9/4 18:57,2019/9/4 21:55,9.646083333,2019/9/18 17:23,2019/9/18 18:30,5.8127,2019/10/26 14:12,2019/10/26 16:06,12.36816667,2019/7/6 7:47,2019/7/6 7:51,0.055866667
116,0,2019/9/5 15:30,13.2649,2019/9/19 18:49,2019/9/19 20:09,7.48255,2019/10/28 17:19,2019/10/28 18:45,8.995083333,2019/7/6 17:13,2019/7/6 17:15,0.023533333
117,2019/9/5 20:03,2019/9/5 22:21,7.378133333,2019/9/20 7:54,2019/9/20 8:46,4.240333333,2019/10/29 15:54,2019/10/29 17:29,10.19638333,2019/7/6 17:21,2019/7/6 17:24,0.03225
118,2019/9/23 16:04,2019/9/23 18:15,7.06695,2019/9/20 17:01,2019/9/20 17:46,3.36255,2019/10/30 9:26,2019/10/30 10:24,5.79615,2019/7/9 16:26,2019/7/9 16:28,0.005883333
119,2019/9/23 18:18,2019/9/23 18:20,0.006116667,2019/9/21 15:47,2019/9/21 16:39,4.285666667,2019/10/30 14:58,2019/10/30 16:31,9.9842,2019/7/9 17:00,2019/7/10 6:25,13.08645
120,2019/9/24 16:37,2019/9/24 18:51,7.13155,2019/9/22 17:23,2019/9/22 18:19,6.041766667,2019/10/31 13:04,2019/10/31 14:46,10.95893333,2019/7/10 16:10,2019/7/10 16:48,0.211883333
121,2019/9/25 18:43,2019/9/25 21:04,7.5312,2019/9/22 20:30,2019/9/22 21:12,3.484216667,0,0,0,2019/7/10 19:03,2019/7/11 4:07,13.05843333
122,2019/9/26 16:48,2019/9/26 19:05,7.306116667,2019/9/23 16:28,2019/9/23 17:15,3.729933333,0,0,0,2019/7/12 13:16,2019/7/12 13:36,0.111016667
123,2019/9/28 13:32,2019/9/28 16:09,8.41515,2019/9/24 16:57,2019/9/24 17:50,4.171033333,0,0,0,2019/7/13 6:48,2019/7/13 7:09,0.114716667
124,2019/9/29 19:40,2019/9/29 21:29,5.697716667,2019/9/25 12:04,2019/9/25 12:21,1.777016667,0,0,0,2019/7/13 17:32,2019/7/13 17:33,0.00145
125,2019/9/30 17:14,2019/9/30 19:25,6.986133333,2019/9/25 17:29,2019/9/25 19:00,8.814716667,0,0,0,2019/7/16 16:03,2019/7/16 16:04,0.001416667
126,2019/10/1 16:20,2019/10/1 18:32,7.032166667,2019/9/26 6:41,2019/9/26 6:42,0.000116667,0,0,0,2019/7/16 17:00,2019/7/17 4:45,16.81108333
127,2019/10/2 16:26,2019/10/2 17:16,2.470833333,2019/9/26 18:16,2019/9/26 19:28,6.250533333,0,0,0,2019/7/20 15:28,2019/7/21 4:38,18.79108333
128,2019/10/3 16:56,2019/10/3 20:01,9.96815,2019/9/27 10:42,2019/9/27 12:03,7.621783333,0,0,0,2019/7/24 17:36,2019/7/24 18:09,0.15795
129,2019/10/4 18:02,2019/10/4 21:32,11.36875,2019/9/27 17:58,2019/9/27 18:45,4.03415,0,0,0,2019/7/27 15:48,2019/7/27 16:03,0.229916667
130,2019/10/7 16:17,2019/10/7 17:32,3.749116667,2019/9/28 11:34,2019/9/28 12:32,4.96735,0,0,0,2019/7/27 16:04,2019/7/27 18:44,2.530583333
131,2019/10/8 10:07,2019/10/8 13:20,10.39771667,2019/9/28 17:02,2019/9/28 18:00,5.670266667,0,0,0,2019/7/27 18:45,2019/7/27 18:46,0
132,2019/10/9 16:51,2019/10/9 19:20,7.948833333,2019/9/28 22:34,2019/9/28 23:20,3.8794,0,0,0,2019/7/27 18:49,2019/7/27 18:50,8.33E-05
133,2019/10/10 17:11,2019/10/10 19:32,7.523516667,2019/9/29 17:01,2019/9/29 18:12,6.246433333,0,0,0,2019/7/29 11:12,2019/7/29 11:30,0.04015
134,2019/10/11 9:08,2019/10/11 12:02,9.305816667,2019/9/30 16:45,2019/9/30 18:28,10.32558333,0,0,0,2019/7/29 12:32,2019/7/29 13:41,0.161716667
135,2019/10/11 17:06,2019/10/11 20:06,9.699066667,2019/10/1 17:32,2019/10/1 18:25,4.6792,0,0,0,2019/7/29 14:42,2019/7/29 15:57,0.173333333
136,2019/10/12 11:54,2019/10/12 14:23,7.945283333,2019/10/2 17:28,2019/10/2 18:35,5.7315,0,0,0,2019/7/29 16:57,2019/7/29 17:49,0.119866667
137,2019/10/14 17:12,2019/10/14 20:30,10.68161667,2019/10/4 9:40,2019/10/4 10:48,0.139616667,0,0,0,2019/7/30 4:32,2019/7/30 5:36,0.151566667
138,2019/10/15 22:17,2019/10/16 0:24,6.633983333,2019/10/6 10:46,2019/10/6 12:46,0.241983333,0,0,0,2019/7/30 6:37,2019/7/30 7:43,0.15475
139,2019/10/16 16:13,2019/10/16 16:56,2.324333333,2019/10/8 12:44,2019/10/8 14:44,0.241366667,0,0,0,2019/7/30 8:44,2019/7/30 9:53,0.16185
140,2019/10/16 20:25,2019/10/17 0:00,11.6223,2019/10/10 14:42,2019/10/10 16:42,0.243933333,0,0,0,2019/7/30 10:55,2019/7/30 12:10,0.175016667
141,2019/10/17 17:32,2019/10/17 19:11,4.919133333,2019/10/12 16:40,2019/10/12 18:40,0.242716667,0,0,0,2019/7/30 13:10,2019/7/30 14:27,0.209933333
142,2019/10/18 16:38,2019/10/18 19:36,9.5627,2019/10/14 8:08,2019/10/14 8:12,0.011333333,0,0,0,2019/7/30 15:27,2019/7/30 16:41,0.200816667
143,2019/10/19 17:02,2019/10/19 18:00,3.186,2019/10/14 11:08,2019/10/14 12:04,4.61785,0,0,0,2019/7/30 17:33,2019/7/31 6:35,19.11698333
144,2019/10/19 20:55,2019/10/20 0:31,11.6889,2019/10/14 15:41,2019/10/14 15:42,0.00015,0,0,0,2019/8/1 20:49,2019/8/2 4:34,7.59055
145,2019/10/20 5:05,2019/10/20 5:13,0.229566667,2019/10/14 16:22,2019/10/14 17:06,3.299183333,0,0,0,2019/8/2 12:59,2019/8/2 13:20,0.129166667
146,2019/10/20 8:28,2019/10/20 8:30,0.03845,2019/10/15 16:48,2019/10/15 17:55,5.630466667,0,0,0,2019/8/2 16:49,2019/8/2 16:50,0.001333333
147,2019/10/20 17:16,2019/10/20 20:55,11.91486667,2019/10/16 16:52,2019/10/16 17:58,6.030666667,0,0,0,2019/8/2 17:00,2019/8/3 2:44,14.08173333
148,2019/10/21 15:33,2019/10/21 16:49,3.863433333,2019/10/17 5:31,2019/10/17 5:42,0.3697,0,0,0,2019/8/7 6:28,2019/8/7 6:45,0.392216667
149,2019/10/22 16:50,2019/10/22 19:32,8.643233333,2019/10/17 13:39,2019/10/17 14:40,4.802183333,0,0,0,2019/8/7 16:23,2019/8/7 18:07,2.496866667
150,2019/10/23 9:51,2019/10/23 12:25,8.1465,2019/10/17 17:09,2019/10/17 17:43,3.64635,0,0,0,2019/8/7 20:52,2019/8/8 7:11,15.01758333
151,2019/10/23 14:58,2019/10/23 18:39,12.02951667,0,0,0,0,0,0,2019/8/9 17:18,2019/8/10 5:51,18.23821667
152,2019/10/24 16:41,2019/10/24 19:02,7.480783333,0,0,0,0,0,0,2019/8/10 15:25,2019/8/10 15:35,0.211183333
153,2019/10/25 15:55,2019/10/25 18:16,7.483333333,0,0,0,0,0,0,2019/8/14 17:29,2019/8/15 4:42,16.28555
154,2019/10/26 17:40,2019/10/26 19:38,6.1754,0,0,0,0,0,0,2019/8/17 20:55,2019/8/18 2:27,8.0509
155,2019/10/27 13:36,2019/10/27 16:05,7.946216667,0,0,0,0,0,0,2019/8/18 4:51,2019/8/18 11:47,10.07338333
156,2019/10/28 15:29,2019/10/28 16:40,3.9425,0,0,0,0,0,0,2019/8/19 18:56,2019/8/19 18:59,0.03705
157,2019/10/28 19:08,2019/10/28 22:22,10.48725,0,0,0,0,0,0,0,2019/8/19 19:46,0.133233333
158,2019/10/30 16:58,2019/10/30 19:41,8.729566667,0,0,0,0,0,0,2019/8/19 20:50,2019/8/19 22:03,0.130283333
159,2019/10/31 19:52,2019/10/31 23:30,11.85361667,0,0,0,0,0,0,2019/8/19 23:07,2019/8/19 23:21,0.026783333
160,0,0,0,0,0,0,0,0,0,2019/8/20 9:50,2019/8/20 10:58,0.120983333
161,0,0,0,0,0,0,0,0,0,2019/8/20 12:00,2019/8/20 13:14,0.129616667
162,0,0,0,0,0,0,0,0,0,2019/8/21 9:25,2019/8/21 10:04,0.066966667
163,0,0,0,0,0,0,0,0,0,2019/8/21 11:07,2019/8/21 12:19,0.127283333
164,0,0,0,0,0,0,0,0,0,2019/8/21 13:22,2019/8/21 13:33,0.020366667
165,0,0,0,0,0,0,0,0,0,2019/8/23 9:43,2019/8/23 10:47,0.115516667
166,0,0,0,0,0,0,0,0,0,2019/8/23 11:50,2019/8/23 12:51,0.109633333
167,0,0,0,0,0,0,0,0,0,2019/8/23 12:58,2019/8/23 13:18,0.1172
168,0,0,0,0,0,0,0,0,0,2019/8/24 14:18,2019/8/24 14:21,0.041383333
169,0,0,0,0,0,0,0,0,0,2019/8/26 16:16,2019/8/26 16:17,0.001366667
170,0,0,0,0,0,0,0,0,0,2019/8/26 17:00,2019/8/27 4:24,16.53185
171,0,0,0,0,0,0,0,0,0,2019/8/27 16:28,2019/8/27 16:29,0.0001
172,0,0,0,0,0,0,0,0,0,2019/8/27 17:00,2019/8/27 17:24,0.382533333
173,0,0,0,0,0,0,0,0,0,2019/8/27 18:07,2019/8/28 5:42,11.40598333
174,0,0,0,0,0,0,0,0,0,2019/8/28 13:38,2019/8/28 14:35,0.1017
175,0,0,0,0,0,0,0,0,0,2019/8/28 15:44,2019/8/28 16:48,0.114083333
176,0,0,0,0,0,0,0,0,0,2019/8/29 17:02,2019/8/30 3:03,14.52266667
177,0,0,0,0,0,0,0,0,0,2019/9/1 11:09,2019/9/1 11:40,0.10685
178,0,0,0,0,0,0,0,0,0,2019/9/1 11:55,2019/9/1 15:24,3.434066667
179,0,0,0,0,0,0,0,0,0,2019/9/1 19:42,2019/9/2 4:35,13.00045
180,0,0,0,0,0,0,0,0,0,2019/9/2 6:16,2019/9/2 8:18,2.9425
181,0,0,0,0,0,0,0,0,0,2019/9/2 19:51,2019/9/3 6:39,15.8119
182,0,0,0,0,0,0,0,0,0,2019/9/3 11:42,2019/9/3 14:02,0.58525
183,0,0,0,0,0,0,0,0,0,2019/9/4 18:59,2019/9/5 7:08,11.92443333
184,0,0,0,0,0,0,0,0,0,2019/9/5 18:04,2019/9/6 6:21,18.69416667
185,0,0,0,0,0,0,0,0,0,2019/9/6 18:58,2019/9/6 19:00,0.003283333
186,0,0,0,0,0,0,0,0,0,2019/9/7 10:06,2019/9/7 10:10,0.013916667
187,0,0,0,0,0,0,0,0,0,2019/9/7 11:13,2019/9/7 11:44,0.15865
188,0,0,0,0,0,0,0,0,0,2019/9/10 17:24,2019/9/10 18:30,0.128066667
189,0,0,0,0,0,0,0,0,0,2019/9/10 19:37,2019/9/10 20:10,0.064483333
190,0,0,0,0,0,0,0,0,0,2019/9/11 17:43,2019/9/11 17:46,0.032033333
191,0,0,0,0,0,0,0,0,0,2019/9/11 17:50,2019/9/11 17:52,0.022083333
192,0,0,0,0,0,0,0,0,0,2019/9/11 19:14,2019/9/11 23:35,1.195283333
193,0,0,0,0,0,0,0,0,0,2019/9/12 2:22,2019/9/12 3:34,0.146433333
194,0,0,0,0,0,0,0,0,0,2019/9/12 16:51,2019/9/12 17:02,0.020333333
195,0,0,0,0,0,0,0,0,0,2019/9/15 20:32,2019/9/16 0:40,1.004183333
196,0,0,0,0,0,0,0,0,0,2019/9/16 16:59,2019/9/16 17:03,0.057566667
197,0,0,0,0,0,0,0,0,0,2019/9/16 18:47,2019/9/17 6:31,17.08543333
198,0,0,0,0,0,0,0,0,0,2019/9/20 17:49,2019/9/21 6:01,17.82173333
199,0,0,0,0,0,0,0,0,0,2019/9/22 12:49,2019/9/22 12:57,0.0149
200,0,0,0,0,0,0,0,0,0,2019/9/23 16:59,2019/9/24 6:38,16.6568
201,0,0,0,0,0,0,0,0,0,2019/9/27 20:10,2019/9/27 20:13,0.003933333
202,0,0,0,0,0,0,0,0,0,2019/9/28 15:43,2019/9/28 15:47,0.061816667
203,0,0,0,0,0,0,0,0,0,2019/10/1 13:44,2019/10/1 15:00,1.20715
204,0,0,0,0,0,0,0,0,0,2019/10/1 16:59,2019/10/2 6:33,13.29146667
205,0,0,0,0,0,0,0,0,0,2019/10/3 17:09,2019/10/3 21:18,0.989666667
206,0,0,0,0,0,0,0,0,0,2019/10/4 6:12,2019/10/4 6:39,0.6054
207,0,0,0,0,0,0,0,0,0,2019/10/4 16:43,2019/10/4 16:44,0.001566667
208,0,0,0,0,0,0,0,0,0,2019/10/4 16:59,2019/10/5 5:35,18.27776667
209,0,0,0,0,0,0,0,0,0,2019/10/5 10:00,2019/10/5 10:04,0.005566667
210,0,0,0,0,0,0,0,0,0,2019/10/5 20:50,2019/10/6 7:27,15.39018333
211,0,0,0,0,0,0,0,0,0,2019/10/6 14:48,2019/10/6 14:50,0.022433333
212,0,0,0,0,0,0,0,0,0,2019/10/6 15:10,2019/10/6 15:12,0.020966667
213,0,0,0,0,0,0,0,0,0,2019/10/8 16:17,2019/10/8 16:18,5.00E-05
214,0,0,0,0,0,0,0,0,0,2019/10/8 16:59,2019/10/9 4:17,16.43573333
215,0,0,0,0,0,0,0,0,0,2019/10/12 19:26,2019/10/13 5:36,9.910766667
216,0,0,0,0,0,0,0,0,0,2019/10/14 5:08,2019/10/14 5:09,0.0002
217,0,0,0,0,0,0,0,0,0,2019/10/17 18:50,2019/10/17 18:53,0.004516667
218,0,0,0,0,0,0,0,0,0,2019/10/18 16:54,2019/10/18 17:13,0.102516667
219,0,0,0,0,0,0,0,0,0,2019/10/18 17:14,2019/10/18 17:15,0.000766667
220,0,0,0,0,0,0,0,0,0,2019/10/19 7:54,2019/10/19 7:57,0.04665
221,0,0,0,0,0,0,0,0,0,2019/10/19 16:19,2019/10/19 16:45,0.128616667
222,0,0,0,0,0,0,0,0,0,2019/10/19 16:49,2019/10/19 16:54,0.0097
223,0,0,0,0,0,0,0,0,0,2019/10/21 5:29,2019/10/21 5:32,0.004383333
224,0,0,0,0,0,0,0,0,0,2019/10/23 17:05,2019/10/23 17:08,0.036866667
225,0,0,0,0,0,0,0,0,0,2019/10/23 19:46,2019/10/23 21:21,0.361183333
226,0,0,0,0,0,0,0,0,0,2019/10/24 21:28,2019/10/24 21:31,0.0047
227,0,0,0,0,0,0,0,0,0,2019/10/25 19:41,2019/10/25 19:44,0.003733333
228,0,0,0,0,0,0,0,0,0,2019/10/26 10:16,2019/10/26 10:52,0.159683333
229,0,0,0,0,0,0,0,0,0,2019/10/26 10:58,2019/10/26 10:59,0.0006
230,0,0,0,0,0,0,0,0,0,2019/10/26 11:07,2019/10/26 11:09,0.009033333
231,0,0,0,0,0,0,0,0,0,2019/10/26 11:10,2019/10/26 11:11,8.33E-05
232,0,0,0,0,0,0,0,0,0,2019/10/26 11:15,2019/10/26 11:17,0.006933333
233,0,0,0,0,0,0,0,0,0,2019/10/26 11:21,2019/10/26 11:22,8.33E-05
234,0,0,0,0,0,0,0,0,0,2019/10/26 11:25,2019/10/26 11:28,0.019533333
235,0,0,0,0,0,0,0,0,0,2019/10/26 11:34,2019/10/26 11:35,8.33E-05
236,0,0,0,0,0,0,0,0,0,2019/10/26 11:40,2019/10/26 11:44,0.04015
237,0,0,0,0,0,0,0,0,0,2019/10/26 11:45,2019/10/26 11:47,0.003233333
238,0,0,0,0,0,0,0,0,0,2019/10/27 13:55,2019/10/27 13:57,0.004016667
239,0,0,0,0,0,0,0,0,0,2019/10/27 14:13,2019/10/27 14:15,0.009466667
240,0,0,0,0,0,0,0,0,0,2019/10/29 14:55,2019/10/29 14:59,0.0558
241,0,0,0,0,0,0,0,0,0,2019/10/31 6:20,0,0
242,0,0,0,0,0,0,0,0,0,0,0,0
243,0,0,0,0,0,0,0,0,0,0,0,0
244,0,0,0,0,0,0,0,0,0,0,0,0
245,0,0,0,0,0,0,0,0,0,0,0,0
246,0,0,0,0,0,0,0,0,0,0,0,0
247,0,0,0,0,0,0,0,0,0,0,0,0
248,0,0,0,0,0,0,0,0,0,0,0,0
249,0,0,0,0,0,0,0,0,0,0,0,0
250,0,0,0,0,0,0,0,0,0,0,0,0
251,0,0,0,0,0,0,0,0,0,0,0,0
252,0,0,0,0,0,0,0,0,0,0,0,0
253,0,0,0,0,0,0,0,0,0,0,0,0
254,0,0,0,0,0,0,0,0,0,0,0,0
255,0,0,0,0,0,0,0,0,0,0,0,0
256,0,0,0,0,0,0,0,0,0,0,0,0
257,0,0,0,0,0,0,0,0,0,0,0,0
258,0,0,0,0,0,0,0,0,0,0,0,0
259,0,0,0,0,0,0,0,0,0,0,0,0
260,0,0,0,0,0,0,0,0,0,0,0,0
261,0,0,0,0,0,0,0,0,0,0,0,0
262,0,0,0,0,0,0,0,0,0,0,0,0
263,0,0,0,0,0,0,0,0,0,0,0,0
264,0,0,0,0,0,0,0,0,0,0,0,0
265,0,0,0,0,0,0,0,0,0,0,0,0
266,0,0,0,0,0,0,0,0,0,0,0,0
267,0,0,0,0,0,0,0,0,0,0,0,0
268,0,0,0,0,0,0,0,0,0,0,0,0
269,0,0,0,0,0,0,0,0,0,0,0,0
270,0,0,0,0,0,0,0,0,0,0,0,0
271,0,0,0,0,0,0,0,0,0,0,0,0
272,0,0,0,0,0,0,0,0,0,0,0,0
273,0,0,0,0,0,0,0,0,0,0,0,0
274,0,0,0,0,0,0,0,0,0,0,0,0
275,0,0,0,0,0,0,0,0,0,0,0,0
276,0,0,0,0,0,0,0,0,0,0,0,0
277,0,0,0,0,0,0,0,0,0,0,0,0
278,0,0,0,0,0,0,0,0,0,0,0,0
279,0,0,0,0,0,0,0,0,0,0,0,0
280,0,0,0,0,0,0,0,0,0,0,0,0
281,0,0,0,0,0,0,0,0,0,0,0,0
282,0,0,0,0,0,0,0,0,0,0,0,0
283,0,0,0,0,0,0,0,0,0,0,0,0
284,0,0,0,0,0,0,0,0,0,0,0,0
285,0,0,0,0,0,0,0,0,0,0,0,0
286,0,0,0,0,0,0,0,0,0,0,0,0
287,0,0,0,0,0,0,0,0,0,0,0,0
288,0,0,0,0,0,0,0,0,0,0,0,0
289,0,0,0,0,0,0,0,0,0,0,0,0
290,0,0,0,0,0,0,0,0,0,0,0,0
291,0,0,0,0,0,0,0,0,0,0,0,0
292,0,0,0,0,0,0,0,0,0,0,0,0
293,0,0,0,0,0,0,0,0,0,0,0,0
294,0,0,0,0,0,0,0,0,0,0,0,0
295,0,0,0,0,0,0,0,0,0,0,0,0
296,0,0,0,0,0,0,0,0,0,0,0,0
297,0,0,0,0,0,0,0,0,0,0,0,0
298,0,0,0,0,0,0,0,0,0,0,0,0
299,0,0,0,0,0,0,0,0,0,0,0,0
300,0,0,0,0,0,0,0,0,0,0,0,0
301,0,0,0,0,0,0,0,0,0,0,0,0
302,0,0,0,0,0,0,0,0,0,0,0,0
303,0,0,0,0,0,0,0,0,0,0,0,0
304,0,0,0,0,0,0,0,0,0,0,0,0
305,0,0,0,0,0,0,0,0,0,0,0,0
306,0,0,0,0,0,0,0,0,0,0,0,0
307,0,0,0,0,0,0,0,0,0,0,0,0
308,0,0,0,0,0,0,0,0,0,0,0,0
309,0,0,0,0,0,0,0,0,0,0,0,0
310,0,0,0,0,0,0,0,0,0,0,0,0
311,0,0,0,0,0,0,0,0,0,0,0,0
312,0,0,0,0,0,0,0,0,0,0,0,0
313,0,0,0,0,0,0,0,0,0,0,0,0
314,0,0,0,0,0,0,0,0,0,0,0,0
315,0,0,0,0,0,0,0,0,0,0,0,0
316,0,0,0,0,0,0,0,0,0,0,0,0
317,0,0,0,0,0,0,0,0,0,0,0,0
318,0,0,0,0,0,0,0,0,0,0,0,0
319,0,0,0,0,0,0,0,0,0,0,0,0
320,0,0,0,0,0,0,0,0,0,0,0,0
321,0,0,0,0,0,0,0,0,0,0,0,0
322,0,0,0,0,0,0,0,0,0,0,0,0
323,0,0,0,0,0,0,0,0,0,0,0,0
324,0,0,0,0,0,0,0,0,0,0,0,0
325,0,0,0,0,0,0,0,0,0,0,0,0
326,0,0,0,0,0,0,0,0,0,0,0,0
327,0,0,0,0,0,0,0,0,0,0,0,0
328,0,0,0,0,0,0,0,0,0,0,0,0
329,0,0,0,0,0,0,0,0,0,0,0,0
330,0,0,0,0,0,0,0,0,0,0,0,0
331,0,0,0,0,0,0,0,0,0,0,0,0
332,0,0,0,0,0,0,0,0,0,0,0,0
333,0,0,0,0,0,0,0,0,0,0,0,0
334,0,0,0,0,0,0,0,0,0,0,0,0
335,0,0,0,0,0,0,0,0,0,0,0,0
336,0,0,0,0,0,0,0,0,0,0,0,0
337,0,0,0,0,0,0,0,0,0,0,0,0
338,0,0,0,0,0,0,0,0,0,0,0,0
339,0,0,0,0,0,0,0,0,0,0,0,0
340,0,0,0,0,0,0,0,0,0,0,0,0
341,0,0,0,0,0,0,0,0,0,0,0,0
342,0,0,0,0,0,0,0,0,0,0,0,0
343,0,0,0,0,0,0,0,0,0,0,0,0
344,0,0,0,0,0,0,0,0,0,0,0,0
345,0,0,0,0,0,0,0,0,0,0,0,0
346,0,0,0,0,0,0,0,0,0,0,0,0
347,0,0,0,0,0,0,0,0,0,0,0,0
348,0,0,0,0,0,0,0,0,0,0,0,0
349,0,0,0,0,0,0,0,0,0,0,0,0
350,0,0,0,0,0,0,0,0,0,0,0,0
351,0,0,0,0,0,0,0,0,0,0,0,0
352,0,0,0,0,0,0,0,0,0,0,0,0
353,0,0,0,0,0,0,0,0,0,0,0,0
354,0,0,0,0,0,0,0,0,0,0,0,0
355,0,0,0,0,0,0,0,0,0,0,0,0
356,0,0,0,0,0,0,0,0,0,0,0,0
357,0,0,0,0,0,0,0,0,0,0,0,0
358,0,0,0,0,0,0,0,0,0,0,0,0
359,0,0,0,0,0,0,0,0,0,0,0,0
360,0,0,0,0,0,0,0,0,0,0,0,0
361,0,0,0,0,0,0,0,0,0,0,0,0
362,0,0,0,0,0,0,0,0,0,0,0,0
363,0,0,0,0,0,0,0,0,0,0,0,0
364,0,0,0,0,0,0,0,0,0,0,0,0
365,0,0,0,0,0,0,0,0,0,0,0,0
366,0,0,0,0,0,0,0,0,0,0,0,0
367,0,0,0,0,0,0,0,0,0,0,0,0
368,0,0,0,0,0,0,0,0,0,0,0,0
369,0,0,0,0,0,0,0,0,0,0,0,0
370,0,0,0,0,0,0,0,0,0,0,0,0
371,0,0,0,0,0,0,0,0,0,0,0,0
372,0,0,0,0,0,0,0,0,0,0,0,0
373,0,0,0,0,0,0,0,0,0,0,0,0
374,0,0,0,0,0,0,0,0,0,0,0,0
375,0,0,0,0,0,0,0,0,0,0,0,0
376,0,0,0,0,0,0,0,0,0,0,0,0
377,0,0,0,0,0,0,0,0,0,0,0,0
378,0,0,0,0,0,0,0,0,0,0,0,0
379,0,0,0,0,0,0,0,0,0,0,0,0
380,0,0,0,0,0,0,0,0,0,0,0,0
381,0,0,0,0,0,0,0,0,0,0,0,0
382,0,0,0,0,0,0,0,0,0,0,0,0
383,0,0,0,0,0,0,0,0,0,0,0,0
384,0,0,0,0,0,0,0,0,0,0,0,0
385,0,0,0,0,0,0,0,0,0,0,0,0
386,0,0,0,0,0,0,0,0,0,0,0,0
387,0,0,0,0,0,0,0,0,0,0,0,0
388,0,0,0,0,0,0,0,0,0,0,0,0
389,0,0,0,0,0,0,0,0,0,0,0,0
390,0,0,0,0,0,0,0,0,0,0,0,0
391,0,0,0,0,0,0,0,0,0,0,0,0
392,0,0,0,0,0,0,0,0,0,0,0,0
393,0,0,0,0,0,0,0,0,0,0,0,0
394,0,0,0,0,0,0,0,0,0,0,0,0
395,0,0,0,0,0,0,0,0,0,0,0,0
396,0,0,0,0,0,0,0,0,0,0,0,0
397,0,0,0,0,0,0,0,0,0,0,0,0
398,0,0,0,0,0,0,0,0,0,0,0,0
399,0,0,0,0,0,0,0,0,0,0,0,0
400,0,0,0,0,0,0,0,0,0,0,0,0
401,0,0,0,0,0,0,0,0,0,0,0,0
402,0,0,0,0,0,0,0,0,0,0,0,0
403,0,0,0,0,0,0,0,0,0,0,0,0
404,0,0,0,0,0,0,0,0,0,0,0,0
405,0,0,0,0,0,0,0,0,0,0,0,0
406,0,0,0,0,0,0,0,0,0,0,0,0
407,0,0,0,0,0,0,0,0,0,0,0,0
408,0,0,0,0,0,0,0,0,0,0,0,0
409,0,0,0,0,0,0,0,0,0,0,0,0
410,0,0,0,0,0,0,0,0,0,0,0,0
411,0,0,0,0,0,0,0,0,0,0,0,0
412,0,0,0,0,0,0,0,0,0,0,0,0
413,0,0,0,0,0,0,0,0,0,0,0,0
414,0,0,0,0,0,0,0,0,0,0,0,0
415,0,0,0,0,0,0,0,0,0,0,0,0
416,0,0,0,0,0,0,0,0,0,0,0,0
417,0,0,0,0,0,0,0,0,0,0,0,0
418,0,0,0,0,0,0,0,0,0,0,0,0
419,0,0,0,0,0,0,0,0,0,0,0,0
420,0,0,0,0,0,0,0,0,0,0,0,0
421,0,0,0,0,0,0,0,0,0,0,0,0
422,0,0,0,0,0,0,0,0,0,0,0,0
423,0,0,0,0,0,0,0,0,0,0,0,0
424,0,0,0,0,0,0,0,0,0,0,0,0
425,0,0,0,0,0,0,0,0,0,0,0,0
426,0,0,0,0,0,0,0,0,0,0,0,0
427,0,0,0,0,0,0,0,0,0,0,0,0
428,0,0,0,0,0,0,0,0,0,0,0,0
429,0,0,0,0,0,0,0,0,0,0,0,0
430,0,0,0,0,0,0,0,0,0,0,0,0
431,0,0,0,0,0,0,0,0,0,0,0,0
432,0,0,0,0,0,0,0,0,0,0,0,0
433,0,0,0,0,0,0,0,0,0,0,0,0
434,0,0,0,0,0,0,0,0,0,0,0,0
435,0,0,0,0,0,0,0,0,0,0,0,0
436,0,0,0,0,0,0,0,0,0,0,0,0
437,0,0,0,0,0,0,0,0,0,0,0,0
438,0,0,0,0,0,0,0,0,0,0,0,0
439,0,0,0,0,0,0,0,0,0,0,0,0
440,0,0,0,0,0,0,0,0,0,0,0,0
441,0,0,0,0,0,0,0,0,0,0,0,0
442,0,0,0,0,0,0,0,0,0,0,0,0
443,0,0,0,0,0,0,0,0,0,0,0,0
444,0,0,0,0,0,0,0,0,0,0,0,0
445,0,0,0,0,0,0,0,0,0,0,0,0
446,0,0,0,0,0,0,0,0,0,0,0,0
447,0,0,0,0,0,0,0,0,0,0,0,0
448,0,0,0,0,0,0,0,0,0,0,0,0
449,0,0,0,0,0,0,0,0,0,0,0,0
450,0,0,0,0,0,0,0,0,0,0,0,0
451,0,0,0,0,0,0,0,0,0,0,0,0
452,0,0,0,0,0,0,0,0,0,0,0,0
453,0,0,0,0,0,0,0,0,0,0,0,0
454,0,0,0,0,0,0,0,0,0,0,0,0
455,0,0,0,0,0,0,0,0,0,0,0,0
456,0,0,0,0,0,0,0,0,0,0,0,0
457,0,0,0,0,0,0,0,0,0,0,0,0
458,0,0,0,0,0,0,0,0,0,0,0,0
459,0,0,0,0,0,0,0,0,0,0,0,0
460,0,0,0,0,0,0,0,0,0,0,0,0
461,0,0,0,0,0,0,0,0,0,0,0,0
462,0,0,0,0,0,0,0,0,0,0,0,0
463,0,0,0,0,0,0,0,0,0,0,0,0
464,0,0,0,0,0,0,0,0,0,0,0,0
465,0,0,0,0,0,0,0,0,0,0,0,0
466,0,0,0,0,0,0,0,0,0,0,0,0
467,0,0,0,0,0,0,0,0,0,0,0,0
468,0,0,0,0,0,0,0,0,0,0,0,0
469,0,0,0,0,0,0,0,0,0,0,0,0
470,0,0,0,0,0,0,0,0,0,0,0,0
471,0,0,0,0,0,0,0,0,0,0,0,0
472,0,0,0,0,0,0,0,0,0,0,0,0
473,0,0,0,0,0,0,0,0,0,0,0,0
474,0,0,0,0,0,0,0,0,0,0,0,0
475,0,0,0,0,0,0,0,0,0,0,0,0
476,0,0,0,0,0,0,0,0,0,0,0,0
477,0,0,0,0,0,0,0,0,0,0,0,0
478,0,0,0,0,0,0,0,0,0,0,0,0
479,0,0,0,0,0,0,0,0,0,0,0,0
480,0,0,0,0,0,0,0,0,0,0,0,0
481,0,0,0,0,0,0,0,0,0,0,0,0
482,0,0,0,0,0,0,0,0,0,0,0,0
483,0,0,0,0,0,0,0,0,0,0,0,0
484,0,0,0,0,0,0,0,0,0,0,0,0
485,0,0,0,0,0,0,0,0,0,0,0,0
486,0,0,0,0,0,0,0,0,0,0,0,0
487,0,0,0,0,0,0,0,0,0,0,0,0
488,0,0,0,0,0,0,0,0,0,0,0,0
489,0,0,0,0,0,0,0,0,0,0,0,0
490,0,0,0,0,0,0,0,0,0,0,0,0
491,0,0,0,0,0,0,0,0,0,0,0,0
492,0,0,0,0,0,0,0,0,0,0,0,0
493,0,0,0,0,0,0,0,0,0,0,0,0
494,0,0,0,0,0,0,0,0,0,0,0,0
495,0,0,0,0,0,0,0,0,0,0,0,0
496,0,0,0,0,0,0,0,0,0,0,0,0
497,0,0,0,0,0,0,0,0,0,0,0,0
498,0,0,0,0,0,0,0,0,0,0,0,0
499,0,0,0,0,0,0,0,0,0,0,0,0
500,0,0,0,0,0,0,0,0,0,0,0,0
501,0,0,0,0,0,0,0,0,0,0,0,0
502,0,0,0,0,0,0,0,0,0,0,0,0
503,0,0,0,0,0,0,0,0,0,0,0,0
504,0,0,0,0,0,0,0,0,0,0,0,0
505,0,0,0,0,0,0,0,0,0,0,0,0
506,0,0,0,0,0,0,0,0,0,0,0,0
507,0,0,0,0,0,0,0,0,0,0,0,0
508,0,0,0,0,0,0,0,0,0,0,0,0
509,0,0,0,0,0,0,0,0,0,0,0,0
510,0,0,0,0,0,0,0,0,0,0,0,0
511,0,0,0,0,0,0,0,0,0,0,0,0
512,0,0,0,0,0,0,0,0,0,0,0,0
513,0,0,0,0,0,0,0,0,0,0,0,0
514,0,0,0,0,0,0,0,0,0,0,0,0
515,0,0,0,0,0,0,0,0,0,0,0,0
516,0,0,0,0,0,0,0,0,0,0,0,0
517,0,0,0,0,0,0,0,0,0,0,0,0
518,0,0,0,0,0,0,0,0,0,0,0,0
519,0,0,0,0,0,0,0,0,0,0,0,0
520,0,0,0,0,0,0,0,0,0,0,0,0
521,0,0,0,0,0,0,0,0,0,0,0,0
522,0,0,0,0,0,0,0,0,0,0,0,0
523,0,0,0,0,0,0,0,0,0,0,0,0
524,0,0,0,0,0,0,0,0,0,0,0,0
525,0,0,0,0,0,0,0,0,0,0,0,0
526,0,0,0,0,0,0,0,0,0,0,0,0
527,0,0,0,0,0,0,0,0,0,0,0,0
528,0,0,0,0,0,0,0,0,0,0,0,0
529,0,0,0,0,0,0,0,0,0,0,0,0
530,0,0,0,0,0,0,0,0,0,0,0,0
531,0,0,0,0,0,0,0,0,0,0,0,0
532,0,0,0,0,0,0,0,0,0,0,0,0
533,0,0,0,0,0,0,0,0,0,0,0,0
534,0,0,0,0,0,0,0,0,0,0,0,0
535,0,0,0,0,0,0,0,0,0,0,0,0
536,0,0,0,0,0,0,0,0,0,0,0,0
537,0,0,0,0,0,0,0,0,0,0,0,0
538,0,0,0,0,0,0,0,0,0,0,0,0
539,0,0,0,0,0,0,0,0,0,0,0,0
540,0,0,0,0,0,0,0,0,0,0,0,0
541,0,0,0,0,0,0,0,0,0,0,0,0
542,0,0,0,0,0,0,0,0,0,0,0,0
543,0,0,0,0,0,0,0,0,0,0,0,0
544,0,0,0,0,0,0,0,0,0,0,0,0
545,0,0,0,0,0,0,0,0,0,0,0,0
546,0,0,0,0,0,0,0,0,0,0,0,0
547,0,0,0,0,0,0,0,0,0,0,0,0
548,0,0,0,0,0,0,0,0,0,0,0,0
549,0,0,0,0,0,0,0,0,0,0,0,0
550,0,0,0,0,0,0,0,0,0,0,0,0
551,0,0,0,0,0,0,0,0,0,0,0,0
552,0,0,0,0,0,0,0,0,0,0,0,0
553,0,0,0,0,0,0,0,0,0,0,0,0
554,0,0,0,0,0,0,0,0,0,0,0,0
555,0,0,0,0,0,0,0,0,0,0,0,0
556,0,0,0,0,0,0,0,0,0,0,0,0
557,0,0,0,0,0,0,0,0,0,0,0,0
558,0,0,0,0,0,0,0,0,0,0,0,0
559,0,0,0,0,0,0,0,0,0,0,0,0
560,0,0,0,0,0,0,0,0,0,0,0,0
561,0,0,0,0,0,0,0,0,0,0,0,0
562,0,0,0,0,0,0,0,0,0,0,0,0
563,0,0,0,0,0,0,0,0,0,0,0,0
564,0,0,0,0,0,0,0,0,0,0,0,0
565,0,0,0,0,0,0,0,0,0,0,0,0
566,0,0,0,0,0,0,0,0,0,0,0,0
567,0,0,0,0,0,0,0,0,0,0,0,0
568,0,0,0,0,0,0,0,0,0,0,0,0
569,0,0,0,0,0,0,0,0,0,0,0,0
570,0,0,0,0,0,0,0,0,0,0,0,0
571,0,0,0,0,0,0,0,0,0,0,0,0
572,0,0,0,0,0,0,0,0,0,0,0,0
573,0,0,0,0,0,0,0,0,0,0,0,0
574,0,0,0,0,0,0,0,0,0,0,0,0
575,0,0,0,0,0,0,0,0,0,0,0,0
576,0,0,0,0,0,0,0,0,0,0,0,0
577,0,0,0,0,0,0,0,0,0,0,0,0
578,0,0,0,0,0,0,0,0,0,0,0,0
579,0,0,0,0,0,0,0,0,0,0,0,0
580,0,0,0,0,0,0,0,0,0,0,0,0
581,0,0,0,0,0,0,0,0,0,0,0,0
582,0,0,0,0,0,0,0,0,0,0,0,0
583,0,0,0,0,0,0,0,0,0,0,0,0
584,0,0,0,0,0,0,0,0,0,0,0,0
585,0,0,0,0,0,0,0,0,0,0,0,0
586,0,0,0,0,0,0,0,0,0,0,0,0
587,0,0,0,0,0,0,0,0,0,0,0,0
588,0,0,0,0,0,0,0,0,0,0,0,0
589,0,0,0,0,0,0,0,0,0,0,0,0
590,0,0,0,0,0,0,0,0,0,0,0,0
591,0,0,0,0,0,0,0,0,0,0,0,0
592,0,0,0,0,0,0,0,0,0,0,0,0
593,0,0,0,0,0,0,0,0,0,0,0,0
594,0,0,0,0,0,0,0,0,0,0,0,0
595,0,0,0,0,0,0,0,0,0,0,0,0
596,0,0,0,0,0,0,0,0,0,0,0,0
597,0,0,0,0,0,0,0,0,0,0,0,0
598,0,0,0,0,0,0,0,0,0,0,0,0
599,0,0,0,0,0,0,0,0,0,0,0,0
600,0,0,0,0,0,0,0,0,0,0,0,0
601,0,0,0,0,0,0,0,0,0,0,0,0
602,0,0,0,0,0,0,0,0,0,0,0,0
603,0,0,0,0,0,0,0,0,0,0,0,0
604,0,0,0,0,0,0,0,0,0,0,0,0
605,0,0,0,0,0,0,0,0,0,0,0,0
606,0,0,0,0,0,0,0,0,0,0,0,0
607,0,0,0,0,0,0,0,0,0,0,0,0
608,0,0,0,0,0,0,0,0,0,0,0,0
609,0,0,0,0,0,0,0,0,0,0,0,0
610,0,0,0,0,0,0,0,0,0,0,0,0
611,0,0,0,0,0,0,0,0,0,0,0,0
612,0,0,0,0,0,0,0,0,0,0,0,0
613,0,0,0,0,0,0,0,0,0,0,0,0
614,0,0,0,0,0,0,0,0,0,0,0,0
615,0,0,0,0,0,0,0,0,0,0,0,0
616,0,0,0,0,0,0,0,0,0,0,0,0
617,0,0,0,0,0,0,0,0,0,0,0,0
618,0,0,0,0,0,0,0,0,0,0,0,0
619,0,0,0,0,0,0,0,0,0,0,0,0
620,0,0,0,0,0,0,0,0,0,0,0,0
621,0,0,0,0,0,0,0,0,0,0,0,0
622,0,0,0,0,0,0,0,0,0,0,0,0
623,0,0,0,0,0,0,0,0,0,0,0,0
624,0,0,0,0,0,0,0,0,0,0,0,0
625,0,0,0,0,0,0,0,0,0,0,0,0
626,0,0,0,0,0,0,0,0,0,0,0,0
627,0,0,0,0,0,0,0,0,0,0,0,0
628,0,0,0,0,0,0,0,0,0,0,0,0
629,0,0,0,0,0,0,0,0,0,0,0,0
630,0,0,0,0,0,0,0,0,0,0,0,0
631,0,0,0,0,0,0,0,0,0,0,0,0
632,0,0,0,0,0,0,0,0,0,0,0,0
633,0,0,0,0,0,0,0,0,0,0,0,0
634,0,0,0,0,0,0,0,0,0,0,0,0
635,0,0,0,0,0,0,0,0,0,0,0,0
636,0,0,0,0,0,0,0,0,0,0,0,0
637,0,0,0,0,0,0,0,0,0,0,0,0
638,0,0,0,0,0,0,0,0,0,0,0,0
639,0,0,0,0,0,0,0,0,0,0,0,0
640,0,0,0,0,0,0,0,0,0,0,0,0
641,0,0,0,0,0,0,0,0,0,0,0,0
642,0,0,0,0,0,0,0,0,0,0,0,0
643,0,0,0,0,0,0,0,0,0,0,0,0
644,0,0,0,0,0,0,0,0,0,0,0,0
645,0,0,0,0,0,0,0,0,0,0,0,0
646,0,0,0,0,0,0,0,0,0,0,0,0
647,0,0,0,0,0,0,0,0,0,0,0,0
648,0,0,0,0,0,0,0,0,0,0,0,0
649,0,0,0,0,0,0,0,0,0,0,0,0
650,0,0,0,0,0,0,0,0,0,0,0,0
651,0,0,0,0,0,0,0,0,0,0,0,0
652,0,0,0,0,0,0,0,0,0,0,0,0
653,0,0,0,0,0,0,0,0,0,0,0,0
654,0,0,0,0,0,0,0,0,0,0,0,0
655,0,0,0,0,0,0,0,0,0,0,0,0
656,0,0,0,0,0,0,0,0,0,0,0,0
657,0,0,0,0,0,0,0,0,0,0,0,0
658,0,0,0,0,0,0,0,0,0,0,0,0
659,0,0,0,0,0,0,0,0,0,0,0,0
660,0,0,0,0,0,0,0,0,0,0,0,0
661,0,0,0,0,0,0,0,0,0,0,0,0
662,0,0,0,0,0,0,0,0,0,0,0,0
663,0,0,0,0,0,0,0,0,0,0,0,0
664,0,0,0,0,0,0,0,0,0,0,0,0
665,0,0,0,0,0,0,0,0,0,0,0,0
666,0,0,0,0,0,0,0,0,0,0,0,0
667,0,0,0,0,0,0,0,0,0,0,0,0
668,0,0,0,0,0,0,0,0,0,0,0,0
669,0,0,0,0,0,0,0,0,0,0,0,0
670,0,0,0,0,0,0,0,0,0,0,0,0
671,0,0,0,0,0,0,0,0,0,0,0,0
672,0,0,0,0,0,0,0,0,0,0,0,0
673,0,0,0,0,0,0,0,0,0,0,0,0
674,0,0,0,0,0,0,0,0,0,0,0,0
675,0,0,0,0,0,0,0,0,0,0,0,0
676,0,0,0,0,0,0,0,0,0,0,0,0
677,0,0,0,0,0,0,0,0,0,0,0,0
678,0,0,0,0,0,0,0,0,0,0,0,0
679,0,0,0,0,0,0,0,0,0,0,0,0
680,0,0,0,0,0,0,0,0,0,0,0,0
681,0,0,0,0,0,0,0,0,0,0,0,0
682,0,0,0,0,0,0,0,0,0,0,0,0
683,0,0,0,0,0,0,0,0,0,0,0,0
684,0,0,0,0,0,0,0,0,0,0,0,0
685,0,0,0,0,0,0,0,0,0,0,0,0
686,0,0,0,0,0,0,0,0,0,0,0,0
687,0,0,0,0,0,0,0,0,0,0,0,0
688,0,0,0,0,0,0,0,0,0,0,0,0
689,0,0,0,0,0,0,0,0,0,0,0,0
690,0,0,0,0,0,0,0,0,0,0,0,0
691,0,0,0,0,0,0,0,0,0,0,0,0
692,0,0,0,0,0,0,0,0,0,0,0,0
693,0,0,0,0,0,0,0,0,0,0,0,0
694,0,0,0,0,0,0,0,0,0,0,0,0
695,0,0,0,0,0,0,0,0,0,0,0,0
696,0,0,0,0,0,0,0,0,0,0,0,0
697,0,0,0,0,0,0,0,0,0,0,0,0
698,0,0,0,0,0,0,0,0,0,0,0,0
699,0,0,0,0,0,0,0,0,0,0,0,0
700,0,0,0,0,0,0,0,0,0,0,0,0
701,0,0,0,0,0,0,0,0,0,0,0,0
702,0,0,0,0,0,0,0,0,0,0,0,0
703,0,0,0,0,0,0,0,0,0,0,0,0
704,0,0,0,0,0,0,0,0,0,0,0,0
705,0,0,0,0,0,0,0,0,0,0,0,0
706,0,0,0,0,0,0,0,0,0,0,0,0
707,0,0,0,0,0,0,0,0,0,0,0,0
708,0,0,0,0,0,0,0,0,0,0,0,0
709,0,0,0,0,0,0,0,0,0,0,0,0
710,0,0,0,0,0,0,0,0,0,0,0,0
711,0,0,0,0,0,0,0,0,0,0,0,0
712,0,0,0,0,0,0,0,0,0,0,0,0
713,0,0,0,0,0,0,0,0,0,0,0,0
714,0,0,0,0,0,0,0,0,0,0,0,0
715,0,0,0,0,0,0,0,0,0,0,0,0
716,0,0,0,0,0,0,0,0,0,0,0,0
717,0,0,0,0,0,0,0,0,0,0,0,0
718,0,0,0,0,0,0,0,0,0,0,0,0
719,0,0,0,0,0,0,0,0,0,0,0,0
720,0,0,0,0,0,0,0,0,0,0,0,0
721,0,0,0,0,0,0,0,0,0,0,0,0
722,0,0,0,0,0,0,0,0,0,0,0,0
723,0,0,0,0,0,0,0,0,0,0,0,0
724,0,0,0,0,0,0,0,0,0,0,0,0
725,0,0,0,0,0,0,0,0,0,0,0,0
726,0,0,0,0,0,0,0,0,0,0,0,0
727,0,0,0,0,0,0,0,0,0,0,0,0
728,0,0,0,0,0,0,0,0,0,0,0,0
729,0,0,0,0,0,0,0,0,0,0,0,0
730,0,0,0,0,0,0,0,0,0,0,0,0
731,0,0,0,0,0,0,0,0,0,0,0,0
732,0,0,0,0,0,0,0,0,0,0,0,0
733,0,0,0,0,0,0,0,0,0,0,0,0
734,0,0,0,0,0,0,0,0,0,0,0,0
735,0,0,0,0,0,0,0,0,0,0,0,0
736,0,0,0,0,0,0,0,0,0,0,0,0
737,0,0,0,0,0,0,0,0,0,0,0,0
738,0,0,0,0,0,0,0,0,0,0,0,0
739,0,0,0,0,0,0,0,0,0,0,0,0
740,0,0,0,0,0,0,0,0,0,0,0,0
741,0,0,0,0,0,0,0,0,0,0,0,0
742,0,0,0,0,0,0,0,0,0,0,0,0
743,0,0,0,0,0,0,0,0,0,0,0,0
744,0,0,0,0,0,0,0,0,0,0,0,0
745,0,0,0,0,0,0,0,0,0,0,0,0
746,0,0,0,0,0,0,0,0,0,0,0,0
747,0,0,0,0,0,0,0,0,0,0,0,0
748,0,0,0,0,0,0,0,0,0,0,0,0
749,0,0,0,0,0,0,0,0,0,0,0,0
750,0,0,0,0,0,0,0,0,0,0,0,0
751,0,0,0,0,0,0,0,0,0,0,0,0
752,0,0,0,0,0,0,0,0,0,0,0,0
753,0,0,0,0,0,0,0,0,0,0,0,0
754,0,0,0,0,0,0,0,0,0,0,0,0
755,0,0,0,0,0,0,0,0,0,0,0,0
756,0,0,0,0,0,0,0,0,0,0,0,0
757,0,0,0,0,0,0,0,0,0,0,0,0
758,0,0,0,0,0,0,0,0,0,0,0,0
759,0,0,0,0,0,0,0,0,0,0,0,0
760,0,0,0,0,0,0,0,0,0,0,0,0
761,0,0,0,0,0,0,0,0,0,0,0,0
762,0,0,0,0,0,0,0,0,0,0,0,0
763,0,0,0,0,0,0,0,0,0,0,0,0
764,0,0,0,0,0,0,0,0,0,0,0,0
765,0,0,0,0,0,0,0,0,0,0,0,0
766,0,0,0,0,0,0,0,0,0,0,0,0
767,0,0,0,0,0,0,0,0,0,0,0,0
768,0,0,0,0,0,0,0,0,0,0,0,0
769,0,0,0,0,0,0,0,0,0,0,0,0
770,0,0,0,0,0,0,0,0,0,0,0,0
771,0,0,0,0,0,0,0,0,0,0,0,0
772,0,0,0,0,0,0,0,0,0,0,0,0
773,0,0,0,0,0,0,0,0,0,0,0,0
774,0,0,0,0,0,0,0,0,0,0,0,0
775,0,0,0,0,0,0,0,0,0,0,0,0
776,0,0,0,0,0,0,0,0,0,0,0,0
777,0,0,0,0,0,0,0,0,0,0,0,0
778,0,0,0,0,0,0,0,0,0,0,0,0
779,0,0,0,0,0,0,0,0,0,0,0,0
780,0,0,0,0,0,0,0,0,0,0,0,0
781,0,0,0,0,0,0,0,0,0,0,0,0
782,0,0,0,0,0,0,0,0,0,0,0,0
783,0,0,0,0,0,0,0,0,0,0,0,0
784,0,0,0,0,0,0,0,0,0,0,0,0
785,0,0,0,0,0,0,0,0,0,0,0,0
786,0,0,0,0,0,0,0,0,0,0,0,0
787,0,0,0,0,0,0,0,0,0,0,0,0
788,0,0,0,0,0,0,0,0,0,0,0,0
789,0,0,0,0,0,0,0,0,0,0,0,0
790,0,0,0,0,0,0,0,0,0,0,0,0
791,0,0,0,0,0,0,0,0,0,0,0,0
792,0,0,0,0,0,0,0,0,0,0,0,0
793,0,0,0,0,0,0,0,0,0,0,0,0
794,0,0,0,0,0,0,0,0,0,0,0,0
795,0,0,0,0,0,0,0,0,0,0,0,0
796,0,0,0,0,0,0,0,0,0,0,0,0
797,0,0,0,0,0,0,0,0,0,0,0,0
798,0,0,0,0,0,0,0,0,0,0,0,0
799,0,0,0,0,0,0,0,0,0,0,0,0
800,0,0,0,0,0,0,0,0,0,0,0,0
801,0,0,0,0,0,0,0,0,0,0,0,0
802,0,0,0,0,0,0,0,0,0,0,0,0
803,0,0,0,0,0,0,0,0,0,0,0,0
804,0,0,0,0,0,0,0,0,0,0,0,0
805,0,0,0,0,0,0,0,0,0,0,0,0
806,0,0,0,0,0,0,0,0,0,0,0,0
807,0,0,0,0,0,0,0,0,0,0,0,0
808,0,0,0,0,0,0,0,0,0,0,0,0
809,0,0,0,0,0,0,0,0,0,0,0,0
810,0,0,0,0,0,0,0,0,0,0,0,0
811,0,0,0,0,0,0,0,0,0,0,0,0
812,0,0,0,0,0,0,0,0,0,0,0,0
813,0,0,0,0,0,0,0,0,0,0,0,0
